id,name
1.000000,toy1
2.000000,toy2
3.000000,toy3
4.000000,toy4
5.000000,toy5
6.000000,toy6
7.000000,toy7
8.000000,toy8
9.000000,toy9
10.000000,toy10
11.000000,toy11
12.000000,toy12
13.000000,toy13
14.000000,toy14
15.000000,toy15
16.000000,toy16
17.000000,toy17
18.000000,toy18
19.000000,toy19
20.000000,toy20
21.000000,toy21
22.000000,toy22
23.000000,toy23
24.000000,toy24
25.000000,toy25
26.000000,toy26
27.000000,toy27
28.000000,toy28
29.000000,toy29
30.000000,toy30
31.000000,toy31
32.000000,toy32
33.000000,toy33
34.000000,toy34
35.000000,toy35
36.000000,toy36
37.000000,toy37
38.000000,toy38
39.000000,toy39
40.000000,toy40
41.000000,toy41
42.000000,toy42
43.000000,toy43
44.000000,toy44
45.000000,toy45
46.000000,toy46
47.000000,toy47
48.000000,toy48
49.000000,toy49
50.000000,toy50
51.000000,toy51
52.000000,toy52
53.000000,toy53
54.000000,toy54
55.000000,toy55
56.000000,toy56
57.000000,toy57
58.000000,toy58
59.000000,toy59
60.000000,toy60
61.000000,toy61
62.000000,toy62
63.000000,toy63
64.000000,toy64
65.000000,toy65
66.000000,toy66
67.000000,toy67
68.000000,toy68
69.000000,toy69
70.000000,toy70
71.000000,toy71
72.000000,toy72
73.000000,toy73
74.000000,toy74
75.000000,toy75
76.000000,toy76
77.000000,toy77
78.000000,toy78
79.000000,toy79
80.000000,toy80
81.000000,toy81
82.000000,toy82
83.000000,toy83
84.000000,toy84
85.000000,toy85
86.000000,toy86
87.000000,toy87
88.000000,toy88
89.000000,toy89
90.000000,toy90
91.000000,toy91
92.000000,toy92
93.000000,toy93
94.000000,toy94
95.000000,toy95
96.000000,toy96
97.000000,toy97
98.000000,toy98
99.000000,toy99
100.000000,toy100
101.000000,toy101
102.000000,toy102
103.000000,toy103
104.000000,toy104
105.000000,toy105
106.000000,toy106
107.000000,toy107
108.000000,toy108
109.000000,toy109
110.000000,toy110
111.000000,toy111
112.000000,toy112
113.000000,toy113
114.000000,toy114
115.000000,toy115
116.000000,toy116
117.000000,toy117
118.000000,toy118
119.000000,toy119
120.000000,toy120
121.000000,toy121
122.000000,toy122
123.000000,toy123
124.000000,toy124
125.000000,toy125
126.000000,toy126
127.000000,toy127
128.000000,toy128
129.000000,toy129
130.000000,toy130
131.000000,toy131
132.000000,toy132
133.000000,toy133
134.000000,toy134
135.000000,toy135
136.000000,toy136
137.000000,toy137
138.000000,toy138
139.000000,toy139
140.000000,toy140
141.000000,toy141
142.000000,toy142
143.000000,toy143
144.000000,toy144
145.000000,toy145
146.000000,toy146
147.000000,toy147
148.000000,toy148
149.000000,toy149
150.000000,toy150
151.000000,toy151
152.000000,toy152
153.000000,toy153
154.000000,toy154
155.000000,toy155
156.000000,toy156
157.000000,toy157
158.000000,toy158
159.000000,toy159
160.000000,toy160
161.000000,toy161
162.000000,toy162
163.000000,toy163
164.000000,toy164
165.000000,toy165
166.000000,toy166
167.000000,toy167
168.000000,toy168
169.000000,toy169
170.000000,toy170
171.000000,toy171
172.000000,toy172
173.000000,toy173
174.000000,toy174
175.000000,toy175
176.000000,toy176
177.000000,toy177
178.000000,toy178
179.000000,toy179
180.000000,toy180
181.000000,toy181
182.000000,toy182
183.000000,toy183
184.000000,toy184
185.000000,toy185
186.000000,toy186
187.000000,toy187
188.000000,toy188
189.000000,toy189
190.000000,toy190
191.000000,toy191
192.000000,toy192
193.000000,toy193
194.000000,toy194
195.000000,toy195
196.000000,toy196
197.000000,toy197
198.000000,toy198
199.000000,toy199
200.000000,toy200
201.000000,toy201
202.000000,toy202
203.000000,toy203
204.000000,toy204
205.000000,toy205
206.000000,toy206
207.000000,toy207
208.000000,toy208
209.000000,toy209
210.000000,toy210
211.000000,toy211
212.000000,toy212
213.000000,toy213
214.000000,toy214
215.000000,toy215
216.000000,toy216
217.000000,toy217
218.000000,toy218
219.000000,toy219
220.000000,toy220
221.000000,toy221
222.000000,toy222
223.000000,toy223
224.000000,toy224
225.000000,toy225
226.000000,toy226
227.000000,toy227
228.000000,toy228
229.000000,toy229
230.000000,toy230
231.000000,toy231
232.000000,toy232
233.000000,toy233
234.000000,toy234
235.000000,toy235
236.000000,toy236
237.000000,toy237
238.000000,toy238
239.000000,toy239
240.000000,toy240
241.000000,toy241
242.000000,toy242
243.000000,toy243
244.000000,toy244
245.000000,toy245
246.000000,toy246
247.000000,toy247
248.000000,toy248
249.000000,toy249
250.000000,toy250
251.000000,toy251
252.000000,toy252
253.000000,toy253
254.000000,toy254
255.000000,toy255
256.000000,toy256
257.000000,toy257
258.000000,toy258
259.000000,toy259
260.000000,toy260
261.000000,toy261
262.000000,toy262
263.000000,toy263
264.000000,toy264
265.000000,toy265
266.000000,toy266
267.000000,toy267
268.000000,toy268
269.000000,toy269
270.000000,toy270
271.000000,toy271
272.000000,toy272
273.000000,toy273
274.000000,toy274
275.000000,toy275
276.000000,toy276
277.000000,toy277
278.000000,toy278
279.000000,toy279
280.000000,toy280
281.000000,toy281
282.000000,toy282
283.000000,toy283
284.000000,toy284
285.000000,toy285
286.000000,toy286
287.000000,toy287
288.000000,toy288
289.000000,toy289
290.000000,toy290
291.000000,toy291
292.000000,toy292
293.000000,toy293
294.000000,toy294
295.000000,toy295
296.000000,toy296
297.000000,toy297
298.000000,toy298
299.000000,toy299
300.000000,toy300
301.000000,toy301
302.000000,toy302
303.000000,toy303
304.000000,toy304
305.000000,toy305
306.000000,toy306
307.000000,toy307
308.000000,toy308
309.000000,toy309
310.000000,toy310
311.000000,toy311
312.000000,toy312
313.000000,toy313
314.000000,toy314
315.000000,toy315
316.000000,toy316
317.000000,toy317
318.000000,toy318
319.000000,toy319
320.000000,toy320
321.000000,toy321
322.000000,toy322
323.000000,toy323
324.000000,toy324
325.000000,toy325
326.000000,toy326
327.000000,toy327
328.000000,toy328
329.000000,toy329
330.000000,toy330
331.000000,toy331
332.000000,toy332
333.000000,toy333
334.000000,toy334
335.000000,toy335
336.000000,toy336
337.000000,toy337
338.000000,toy338
339.000000,toy339
340.000000,toy340
341.000000,toy341
342.000000,toy342
343.000000,toy343
344.000000,toy344
345.000000,toy345
346.000000,toy346
347.000000,toy347
348.000000,toy348
349.000000,toy349
350.000000,toy350
351.000000,toy351
352.000000,toy352
353.000000,toy353
354.000000,toy354
355.000000,toy355
356.000000,toy356
357.000000,toy357
358.000000,toy358
359.000000,toy359
360.000000,toy360
361.000000,toy361
362.000000,toy362
363.000000,toy363
364.000000,toy364
365.000000,toy365
366.000000,toy366
367.000000,toy367
368.000000,toy368
369.000000,toy369
370.000000,toy370
371.000000,toy371
372.000000,toy372
373.000000,toy373
374.000000,toy374
375.000000,toy375
376.000000,toy376
377.000000,toy377
378.000000,toy378
379.000000,toy379
380.000000,toy380
381.000000,toy381
382.000000,toy382
383.000000,toy383
384.000000,toy384
385.000000,toy385
386.000000,toy386
387.000000,toy387
388.000000,toy388
389.000000,toy389
390.000000,toy390
391.000000,toy391
392.000000,toy392
393.000000,toy393
394.000000,toy394
395.000000,toy395
396.000000,toy396
397.000000,toy397
398.000000,toy398
399.000000,toy399
400.000000,toy400
401.000000,toy401
402.000000,toy402
403.000000,toy403
404.000000,toy404
405.000000,toy405
406.000000,toy406
407.000000,toy407
408.000000,toy408
409.000000,toy409
410.000000,toy410
411.000000,toy411
412.000000,toy412
413.000000,toy413
414.000000,toy414
415.000000,toy415
416.000000,toy416
417.000000,toy417
418.000000,toy418
419.000000,toy419
420.000000,toy420
421.000000,toy421
422.000000,toy422
423.000000,toy423
424.000000,toy424
425.000000,toy425
426.000000,toy426
427.000000,toy427
428.000000,toy428
429.000000,toy429
430.000000,toy430
431.000000,toy431
432.000000,toy432
433.000000,toy433
434.000000,toy434
435.000000,toy435
436.000000,toy436
437.000000,toy437
438.000000,toy438
439.000000,toy439
440.000000,toy440
441.000000,toy441
442.000000,toy442
443.000000,toy443
444.000000,toy444
445.000000,toy445
446.000000,toy446
447.000000,toy447
448.000000,toy448
449.000000,toy449
450.000000,toy450
451.000000,toy451
452.000000,toy452
453.000000,toy453
454.000000,toy454
455.000000,toy455
456.000000,toy456
457.000000,toy457
458.000000,toy458
459.000000,toy459
460.000000,toy460
461.000000,toy461
462.000000,toy462
463.000000,toy463
464.000000,toy464
465.000000,toy465
466.000000,toy466
467.000000,toy467
468.000000,toy468
469.000000,toy469
470.000000,toy470
471.000000,toy471
472.000000,toy472
473.000000,toy473
474.000000,toy474
475.000000,toy475
476.000000,toy476
477.000000,toy477
478.000000,toy478
479.000000,toy479
480.000000,toy480
481.000000,toy481
482.000000,toy482
483.000000,toy483
484.000000,toy484
485.000000,toy485
486.000000,toy486
487.000000,toy487
488.000000,toy488
489.000000,toy489
490.000000,toy490
491.000000,toy491
492.000000,toy492
493.000000,toy493
494.000000,toy494
495.000000,toy495
496.000000,toy496
497.000000,toy497
498.000000,toy498
499.000000,toy499
500.000000,toy500
