regNo,event,name
1448.000000,event_fh,James
1015.000000,event_ff,Joe
1400.000000,event_hq,Arthur
1288.000000,event_gw,Frank
1301.000000,event_fc,Edward
1480.000000,event_ey,Fred
1393.000000,event_hg,Harry
1189.000000,event_eu,Charlie
1168.000000,event_gm,Louis
1337.000000,event_ex,John
1249.000000,event_fg,Joseph
1132.000000,event_gm,Louis
1283.000000,event_ft,Thomas
1225.000000,event_hq,Arthur
1442.000000,event_hj,Albert
1270.000000,event_eu,Charlie
1095.000000,event_er,Frank
1013.000000,event_hf,William
1326.000000,event_hg,Harry
1036.000000,event_hn,Joe
1273.000000,event_gw,Frank
1362.000000,event_hn,Joe
1399.000000,event_hn,Joe
1474.000000,event_gw,Frank
1011.000000,event_hn,Joe
1405.000000,event_ft,Thomas
1152.000000,event_gz,James
1087.000000,event_es,James
1487.000000,event_fh,James
1084.000000,event_fs,Thomas
1239.000000,event_ey,Fred
1396.000000,event_hj,Albert
1223.000000,event_ek,William
1153.000000,event_em,Fred
1085.000000,event_ft,Thomas
1336.000000,event_ff,Joe
1142.000000,event_ex,John
1007.000000,event_gn,Arthur
1245.000000,event_gn,Arthur
1277.000000,event_ex,John
1401.000000,event_fc,Edward
1196.000000,event_hc,David
1080.000000,event_hl,Joe
1048.000000,event_eq,Charles
1391.000000,event_eo,Charlie
1198.000000,event_ey,Fred
1428.000000,event_gz,James
1291.000000,event_hq,Arthur
1356.000000,event_fs,Thomas
1212.000000,event_gm,Louis
1037.000000,event_fh,James
1177.000000,event_hg,Harry
1419.000000,event_fm,Joseph
1062.000000,event_eu,Charlie
1466.000000,event_gh,Fred
1086.000000,event_ej,Henry
1439.000000,event_hq,Arthur
1110.000000,event_es,James
1076.000000,event_hl,Joe
1322.000000,event_hl,Joe
1250.000000,event_gh,Fred
1018.000000,event_ft,Thomas
1289.000000,event_ej,Henry
1119.000000,event_es,James
1254.000000,event_gw,Frank
1342.000000,event_fg,Joseph
1272.000000,event_er,Frank
1176.000000,event_hh,John
1384.000000,event_eu,Charlie
1005.000000,event_hf,William
1479.000000,event_fn,Thomas
1047.000000,event_ef,William
1316.000000,event_eo,Charlie
1449.000000,event_ej,Henry
1101.000000,event_eg,Arthur
1394.000000,event_ef,William
1320.000000,event_ey,Fred
1343.000000,event_er,Frank
1174.000000,event_ey,Fred
1017.000000,event_eo,Charlie
1483.000000,event_es,James
1351.000000,event_ek,William
1194.000000,event_fp,Harry
1089.000000,event_ek,William
1335.000000,event_eq,Charles
1304.000000,event_ef,William
1364.000000,event_eu,Charlie
1262.000000,event_fj,Harry
1090.000000,event_gn,Arthur
1340.000000,event_eo,Charlie
1050.000000,event_fc,Edward
1318.000000,event_ef,William
1185.000000,event_gz,James
1125.000000,event_em,Fred
1231.000000,event_hh,John
1269.000000,event_hl,Joe
1053.000000,event_gn,Arthur
1463.000000,event_hc,David
1338.000000,event_ef,William
1139.000000,event_gn,Arthur
1298.000000,event_fc,Edward
1051.000000,event_fg,Joseph
1488.000000,event_hl,Joe
1147.000000,event_fn,Thomas
1373.000000,event_fp,Harry
1163.000000,event_fc,Edward
1113.000000,event_fj,Harry
1184.000000,event_gz,James
1122.000000,event_eh,Joe
1115.000000,event_fc,Edward
1150.000000,event_fh,James
1066.000000,event_fs,Thomas
1426.000000,event_hc,David
1094.000000,event_fm,Joseph
1030.000000,event_ga,Edward
1014.000000,event_ft,Thomas
1238.000000,event_eo,Charlie
1303.000000,event_gw,Frank
1232.000000,event_ff,Joe
1206.000000,event_fp,Harry
1417.000000,event_fj,Harry
1029.000000,event_eg,Arthur
1006.000000,event_hn,Joe
1157.000000,event_ej,Henry
1246.000000,event_fn,Thomas
1201.000000,event_ex,John
1473.000000,event_hn,Joe
1243.000000,event_hf,William
1195.000000,event_hl,Joe
1247.000000,event_hf,William
1058.000000,event_fh,James
1306.000000,event_ej,Henry
1181.000000,event_eh,Joe
1155.000000,event_er,Frank
1156.000000,event_ef,William
1297.000000,event_eq,Charles
1493.000000,event_eh,Joe
1331.000000,event_hc,David
1128.000000,event_gz,James
1108.000000,event_gk,Louis
1220.000000,event_es,James
1433.000000,event_hh,John
1112.000000,event_he,Charlie
1045.000000,event_ej,Henry
1425.000000,event_ej,Henry
1105.000000,event_hq,Arthur
1169.000000,event_ft,Thomas
1325.000000,event_ff,Joe
1253.000000,event_gh,Fred
1054.000000,event_ef,William
1091.000000,event_fs,Thomas
1445.000000,event_hl,Joe
1255.000000,event_fg,Joseph
1226.000000,event_ef,William
1280.000000,event_eu,Charlie
1266.000000,event_ff,Joe
1173.000000,event_eg,Arthur
1154.000000,event_es,James
1261.000000,event_fm,Joseph
1068.000000,event_hc,David
1477.000000,event_gz,James
1237.000000,event_eg,Arthur
1357.000000,event_fp,Harry
1109.000000,event_hn,Joe
1067.000000,event_fp,Harry
1186.000000,event_hh,John
1070.000000,event_hg,Harry
1081.000000,event_hn,Joe
1083.000000,event_hn,Joe
1158.000000,event_gz,James
1281.000000,event_hb,Albert
1199.000000,event_er,Frank
1431.000000,event_er,Frank
1000.000000,event_fc,Edward
1097.000000,event_gk,Louis
1390.000000,event_fj,Harry
1118.000000,event_ey,Fred
1178.000000,event_hq,Arthur
1075.000000,event_gm,Louis
1332.000000,event_fh,James
1339.000000,event_fg,Joseph
1271.000000,event_fp,Harry
1423.000000,event_ey,Fred
1386.000000,event_em,Fred
1371.000000,event_hq,Arthur
1200.000000,event_eh,Joe
1410.000000,event_fj,Harry
1459.000000,event_eg,Arthur
1412.000000,event_gk,Louis
1380.000000,event_ex,John
1349.000000,event_fn,Thomas
1443.000000,event_hj,Albert
1486.000000,event_hf,William
1016.000000,event_hq,Arthur
1144.000000,event_ex,John
1038.000000,event_gk,Louis
1450.000000,event_fp,Harry
1465.000000,event_ex,John
1284.000000,event_fn,Thomas
1182.000000,event_eo,Charlie
1260.000000,event_ff,Joe
1069.000000,event_gz,James
1193.000000,event_er,Frank
1296.000000,event_gn,Arthur
1432.000000,event_fz,Charles
1327.000000,event_eu,Charlie
1455.000000,event_hf,William
1478.000000,event_hh,John
1441.000000,event_hh,John
1022.000000,event_hj,Albert
1469.000000,event_hh,John
1179.000000,event_gw,Frank
1381.000000,event_eh,Joe
1461.000000,event_ey,Fred
1242.000000,event_he,Charlie
1295.000000,event_hg,Harry
1103.000000,event_hn,Joe
1162.000000,event_hn,Joe
1077.000000,event_hq,Arthur
1175.000000,event_fz,Charles
1093.000000,event_fn,Thomas
1413.000000,event_hq,Arthur
1148.000000,event_ef,William
1078.000000,event_em,Fred
1389.000000,event_es,James
1319.000000,event_ef,William
1026.000000,event_fh,James
1409.000000,event_hh,John
1314.000000,event_hb,Albert
1123.000000,event_eq,Charles
1240.000000,event_eo,Charlie
1049.000000,event_fn,Thomas
1214.000000,event_fs,Thomas
1329.000000,event_eq,Charles
1346.000000,event_hb,Albert
1472.000000,event_eo,Charlie
1227.000000,event_he,Charlie
1422.000000,event_eu,Charlie
1278.000000,event_eo,Charlie
1350.000000,event_ek,William
1415.000000,event_fn,Thomas
1313.000000,event_eo,Charlie
1370.000000,event_eh,Joe
1376.000000,event_fm,Joseph
1264.000000,event_eo,Charlie
1330.000000,event_gn,Arthur
1213.000000,event_eg,Arthur
1228.000000,event_hb,Albert
1457.000000,event_eq,Charles
1416.000000,event_ft,Thomas
1454.000000,event_gz,James
1471.000000,event_hj,Albert
1321.000000,event_eg,Arthur
1024.000000,event_fs,Thomas
1482.000000,event_hg,Harry
1265.000000,event_es,James
1437.000000,event_ex,John
1378.000000,event_hl,Joe
1367.000000,event_eu,Charlie
1341.000000,event_eu,Charlie
1135.000000,event_fj,Harry
1334.000000,event_em,Fred
1427.000000,event_fc,Edward
1072.000000,event_hn,Joe
1259.000000,event_fm,Joseph
1127.000000,event_ft,Thomas
1100.000000,event_hn,Joe
1402.000000,event_hc,David
1252.000000,event_ft,Thomas
1411.000000,event_fm,Joseph
1354.000000,event_em,Fred
1421.000000,event_fj,Harry
1137.000000,event_he,Charlie
1447.000000,event_gz,James
1197.000000,event_ey,Fred
1305.000000,event_hj,Albert
1497.000000,event_fp,Harry
1204.000000,event_hb,Albert
1353.000000,event_eq,Charles
1392.000000,event_fz,Charles
1042.000000,event_fh,James
1207.000000,event_eo,Charlie
1208.000000,event_fh,James
1458.000000,event_eg,Arthur
1302.000000,event_ey,Fred
1046.000000,event_hg,Harry
1141.000000,event_fs,Thomas
1369.000000,event_fh,James
1256.000000,event_hg,Harry
1279.000000,event_hg,Harry
1286.000000,event_ej,Henry
1345.000000,event_gn,Arthur
1274.000000,event_fn,Thomas
1317.000000,event_ex,John
1205.000000,event_fc,Edward
1344.000000,event_eh,Joe
1111.000000,event_fg,Joseph
1312.000000,event_fh,James
1160.000000,event_fs,Thomas
1082.000000,event_er,Frank
1387.000000,event_hq,Arthur
1202.000000,event_fj,Harry
1003.000000,event_hf,William
1001.000000,event_hf,William
1040.000000,event_es,James
1140.000000,event_fc,Edward
1161.000000,event_gn,Arthur
1385.000000,event_gh,Fred
1430.000000,event_he,Charlie
1440.000000,event_es,James
1324.000000,event_ey,Fred
1251.000000,event_hl,Joe
1285.000000,event_er,Frank
1106.000000,event_ff,Joe
1438.000000,event_hg,Harry
1190.000000,event_fn,Thomas
1241.000000,event_he,Charlie
1021.000000,event_ex,John
1134.000000,event_fs,Thomas
1167.000000,event_fg,Joseph
1145.000000,event_fz,Charles
1074.000000,event_gm,Louis
1002.000000,event_ff,Joe
1034.000000,event_fc,Edward
1009.000000,event_ej,Henry
1010.000000,event_ft,Thomas
1268.000000,event_fz,Charles
1004.000000,event_ga,Edward
1092.000000,event_er,Frank
1414.000000,event_he,Charlie
1365.000000,event_fh,James
1166.000000,event_er,Frank
1057.000000,event_fz,Charles
1217.000000,event_gm,Louis
1180.000000,event_fm,Joseph
1308.000000,event_es,James
1107.000000,event_he,Charlie
1071.000000,event_fp,Harry
1146.000000,event_gk,Louis
1027.000000,event_fc,Edward
1363.000000,event_he,Charlie
1064.000000,event_fg,Joseph
1436.000000,event_fp,Harry
1129.000000,event_ft,Thomas
1485.000000,event_gn,Arthur
1395.000000,event_hg,Harry
1315.000000,event_hh,John
1124.000000,event_ef,William
1358.000000,event_hn,Joe
1372.000000,event_fg,Joseph
1310.000000,event_ga,Edward
1164.000000,event_gw,Frank
1098.000000,event_eu,Charlie
1061.000000,event_hq,Arthur
1307.000000,event_gm,Louis
1492.000000,event_hf,William
1407.000000,event_hl,Joe
1230.000000,event_fp,Harry
1360.000000,event_eh,Joe
1420.000000,event_gk,Louis
1498.000000,event_ga,Edward
1424.000000,event_ex,John
1292.000000,event_fm,Joseph
1188.000000,event_eg,Arthur
1235.000000,event_ft,Thomas
1489.000000,event_ey,Fred
1056.000000,event_hb,Albert
1248.000000,event_gw,Frank
1293.000000,event_hn,Joe
1355.000000,event_fz,Charles
1484.000000,event_hn,Joe
1276.000000,event_hl,Joe
1446.000000,event_hq,Arthur
1481.000000,event_gz,James
1126.000000,event_fg,Joseph
1359.000000,event_gw,Frank
1267.000000,event_er,Frank
1170.000000,event_eh,Joe
1368.000000,event_er,Frank
1398.000000,event_fp,Harry
1073.000000,event_ef,William
1171.000000,event_fh,James
1311.000000,event_hq,Arthur
1044.000000,event_es,James
1290.000000,event_fh,James
1023.000000,event_gw,Frank
1377.000000,event_eq,Charles
1065.000000,event_gh,Fred
1136.000000,event_ga,Edward
1063.000000,event_ek,William
1366.000000,event_gz,James
1467.000000,event_he,Charlie
1257.000000,event_eg,Arthur
1039.000000,event_er,Frank
1453.000000,event_fg,Joseph
1052.000000,event_hb,Albert
1495.000000,event_fp,Harry
1294.000000,event_ex,John
1244.000000,event_ef,William
1165.000000,event_ef,William
1347.000000,event_hg,Harry
1476.000000,event_fm,Joseph
1229.000000,event_ff,Joe
1382.000000,event_eu,Charlie
1361.000000,event_hg,Harry
1043.000000,event_es,James
1299.000000,event_ef,William
1224.000000,event_he,Charlie
1328.000000,event_he,Charlie
1468.000000,event_ft,Thomas
1429.000000,event_fc,Edward
1406.000000,event_fm,Joseph
1191.000000,event_er,Frank
1060.000000,event_fz,Charles
1490.000000,event_fj,Harry
1088.000000,event_fm,Joseph
1462.000000,event_ef,William
1309.000000,event_hg,Harry
1019.000000,event_ff,Joe
1114.000000,event_ey,Fred
1300.000000,event_em,Fred
1352.000000,event_eu,Charlie
1025.000000,event_eh,Joe
1117.000000,event_eg,Arthur
1451.000000,event_gm,Louis
1079.000000,event_ga,Edward
1470.000000,event_fm,Joseph
1059.000000,event_ga,Edward
1120.000000,event_gw,Frank
1456.000000,event_gk,Louis
1222.000000,event_fh,James
1219.000000,event_hc,David
1149.000000,event_fs,Thomas
1020.000000,event_fc,Edward
1379.000000,event_gn,Arthur
1116.000000,event_gn,Arthur
1408.000000,event_ef,William
1216.000000,event_hq,Arthur
1151.000000,event_hn,Joe
1033.000000,event_fz,Charles
1403.000000,event_em,Fred
1035.000000,event_eg,Arthur
1133.000000,event_fn,Thomas
1121.000000,event_he,Charlie
1233.000000,event_ej,Henry
1104.000000,event_ex,John
1375.000000,event_em,Fred
1397.000000,event_hn,Joe
1348.000000,event_gw,Frank
1287.000000,event_em,Fred
1099.000000,event_eq,Charles
1333.000000,event_hl,Joe
1172.000000,event_hj,Albert
1499.000000,event_hj,Albert
1452.000000,event_gk,Louis
1434.000000,event_ey,Fred
1159.000000,event_hl,Joe
1138.000000,event_fh,James
1258.000000,event_eh,Joe
1096.000000,event_hc,David
1203.000000,event_hl,Joe
1028.000000,event_eg,Arthur
1491.000000,event_ey,Fred
1143.000000,event_gw,Frank
1102.000000,event_hf,William
1234.000000,event_gh,Fred
1055.000000,event_gw,Frank
1210.000000,event_gw,Frank
1444.000000,event_hh,John
1404.000000,event_hj,Albert
1418.000000,event_gz,James
1215.000000,event_hb,Albert
1221.000000,event_hg,Harry
1275.000000,event_he,Charlie
1218.000000,event_hh,John
1496.000000,event_eo,Charlie
1388.000000,event_ga,Edward
1263.000000,event_ga,Edward
1236.000000,event_fc,Edward
1211.000000,event_hl,Joe
1031.000000,event_eu,Charlie
1032.000000,event_fg,Joseph
1460.000000,event_fn,Thomas
1464.000000,event_ga,Edward
1323.000000,event_es,James
1475.000000,event_eh,Joe
1183.000000,event_fj,Harry
1383.000000,event_fp,Harry
1012.000000,event_gm,Louis
1131.000000,event_gz,James
1041.000000,event_eq,Charles
1282.000000,event_ex,John
1192.000000,event_eu,Charlie
1187.000000,event_fh,James
1008.000000,event_fp,Harry
1494.000000,event_ff,Joe
1374.000000,event_gm,Louis
1435.000000,event_hg,Harry
1209.000000,event_gw,Frank
1130.000000,event_er,Frank
